"Graph","Alpha","X_min","KS_stat","P_Value","logLik"
"Gene network",5.10232663763707,16,0.0606797803751141,0.630348598239116,-391.762192305781
"Protein network",3.15138827475963,18,0.0181308571473185,0.940798895622025,-3052.82379891176
